<api>
<package name="com.xsens.dot.android.sdk.mfm"
>
<class name="DotMfmManager"
 extends="MfmBluetoothGattCallback"
 abstract="false"
 static="false"
 final="false"
 deprecated="not deprecated"
 visibility="public"
>
<constructor name="DotMfmManager"
 type="com.xsens.dot.android.sdk.mfm.DotMfmManager"
 static="false"
 final="false"
 deprecated="not deprecated"
 visibility="public"
>
<parameter name="context" type="Context">
</parameter>
<parameter name="device" type="DotDevice">
</parameter>
<parameter name="callback" type="com.xsens.dot.android.sdk.mfm.interfaces.DotMfmCallback">
</parameter>
</constructor>
<method name="clear"
 return="void"
 abstract="false"
 native="false"
 synchronized="false"
 static="false"
 final="false"
 deprecated="not deprecated"
 visibility="public"
>
</method>
<method name="getMtbFilePath"
 return="java.lang.String"
 abstract="false"
 native="false"
 synchronized="false"
 static="false"
 final="false"
 deprecated="not deprecated"
 visibility="public"
>
</method>
<method name="startMfm"
 return="boolean"
 abstract="false"
 native="false"
 synchronized="false"
 static="false"
 final="false"
 deprecated="not deprecated"
 visibility="public"
>
</method>
<method name="stopMfm"
 return="boolean"
 abstract="false"
 native="false"
 synchronized="false"
 static="false"
 final="false"
 deprecated="not deprecated"
 visibility="public"
>
<parameter name="isWaitingForResult" type="boolean">
</parameter>
</method>
<method name="writeMfmResultToDevice"
 return="boolean"
 abstract="false"
 native="false"
 synchronized="false"
 static="false"
 final="false"
 deprecated="not deprecated"
 visibility="public"
>
<parameter name="result" type="byte[]">
</parameter>
</method>
</class>
<class name="DotMfmProcessor"
 extends="java.lang.Object"
 abstract="false"
 static="false"
 final="false"
 deprecated="not deprecated"
 visibility="public"
>
<constructor name="DotMfmProcessor"
 type="com.xsens.dot.android.sdk.mfm.DotMfmProcessor"
 static="false"
 final="false"
 deprecated="not deprecated"
 visibility="public"
>
<parameter name="context" type="Context">
</parameter>
</constructor>
<method name="addMtbFile"
 return="void"
 abstract="false"
 native="false"
 synchronized="false"
 static="false"
 final="false"
 deprecated="not deprecated"
 visibility="public"
>
<parameter name="address" type="java.lang.String">
</parameter>
<parameter name="path" type="java.lang.String">
</parameter>
</method>
<method name="clear"
 return="void"
 abstract="false"
 native="false"
 synchronized="false"
 static="false"
 final="false"
 deprecated="not deprecated"
 visibility="public"
>
</method>
<method name="setDotMfmCallback"
 return="void"
 abstract="false"
 native="false"
 synchronized="false"
 static="false"
 final="false"
 deprecated="not deprecated"
 visibility="public"
>
<parameter name="callback" type="com.xsens.dot.android.sdk.mfm.interfaces.DotMfmCallback">
</parameter>
</method>
<method name="startProcess"
 return="void"
 abstract="false"
 native="false"
 synchronized="false"
 static="false"
 final="false"
 deprecated="not deprecated"
 visibility="public"
>
</method>
</class>
</package>
<package name="com.xsens.dot.android.sdk.mfm.interfaces"
>
<interface name="DotMfmCallback"
 abstract="true"
 static="false"
 final="false"
 deprecated="not deprecated"
 visibility="public"
>
<method name="onDotMfmCompleted"
 return="void"
 abstract="true"
 native="false"
 synchronized="false"
 static="false"
 final="false"
 deprecated="not deprecated"
 visibility="public"
>
<parameter name="address" type="java.lang.String">
</parameter>
<parameter name="result" type="int">
</parameter>
<parameter name="data" type="byte[]">
</parameter>
</method>
<method name="onDotMfmProgressChanged"
 return="void"
 abstract="true"
 native="false"
 synchronized="false"
 static="false"
 final="false"
 deprecated="not deprecated"
 visibility="public"
>
<parameter name="address" type="java.lang.String">
</parameter>
<parameter name="percentage" type="int">
</parameter>
</method>
</interface>
</package>
<package name="com.xsens.dot.android.sdk.mfm.models"
>
<class name="DotMfmResult"
 extends="java.lang.Object"
 abstract="false"
 static="false"
 final="false"
 deprecated="not deprecated"
 visibility="public"
>
<constructor name="DotMfmResult"
 type="com.xsens.dot.android.sdk.mfm.models.DotMfmResult"
 static="false"
 final="false"
 deprecated="not deprecated"
 visibility="public"
>
</constructor>
<field name="ACCEPTABLE"
 type="int"
 transient="false"
 volatile="false"
 value="3"
 static="true"
 final="true"
 deprecated="not deprecated"
 visibility="public"
>
</field>
<field name="BAD"
 type="int"
 transient="false"
 volatile="false"
 value="2"
 static="true"
 final="true"
 deprecated="not deprecated"
 visibility="public"
>
</field>
<field name="FAILED"
 type="int"
 transient="false"
 volatile="false"
 value="1"
 static="true"
 final="true"
 deprecated="not deprecated"
 visibility="public"
>
</field>
<field name="GOOD"
 type="int"
 transient="false"
 volatile="false"
 value="4"
 static="true"
 final="true"
 deprecated="not deprecated"
 visibility="public"
>
</field>
<field name="NOT_AVAILABLE"
 type="int"
 transient="false"
 volatile="false"
 value="5"
 static="true"
 final="true"
 deprecated="not deprecated"
 visibility="public"
>
</field>
</class>
</package>
</api>
